{
  "LORO(recording)::LogReg": {
    "window": {
      "acc": 0.8802547770700637,
      "bal_acc": 0.8867134124415679,
      "f1": 0.9046653144016227,
      "auroc": 0.9028694714131608
    },
    "recording": {
      "acc": 0.8947368421052632,
      "auroc": 0.9111111111111112,
      "n": 19
    }
  },
  "LORO(recording)::RandomForest": {
    "window": {
      "acc": 0.8815286624203822,
      "bal_acc": 0.8850413520316432,
      "f1": 0.9063444108761329,
      "auroc": 0.8837756202804746
    },
    "recording": {
      "acc": 0.8947368421052632,
      "auroc": 0.9,
      "n": 19
    }
  },
  "LOPO(subject)::LogReg": {
    "window": {
      "acc": 0.8305732484076433,
      "bal_acc": 0.8048004314994606,
      "f1": 0.8729703915950334,
      "auroc": 0.8534843581445523
    },
    "recording": {
      "acc": 0.7894736842105263,
      "auroc": 0.9333333333333333,
      "n": 19
    }
  },
  "LOPO(subject)::RandomForest": {
    "window": {
      "acc": 0.8445859872611465,
      "bal_acc": 0.8225278676734988,
      "f1": 0.8829174664107485,
      "auroc": 0.8201222581805107
    },
    "recording": {
      "acc": 0.8421052631578947,
      "auroc": 0.8555555555555555,
      "n": 19
    }
  },
  "permutation_LORO": {
    "observed_auroc": 0.9184753685724559,
    "perm_mean": 0.49792768788205677,
    "perm_p": 0.004975124378109453,
    "n_perm": 200
  }
}