{
  "expert_vs_novice_network": {
    "acc": 0.5833333333333334,
    "bal_acc": 0.5833333333333334,
    "f1": 0.6428571428571429,
    "auroc": 0.6666666666666666
  },
  "permutation": {
    "observed_auroc": 0.6666666666666666,
    "perm_mean": 0.47334722222222225,
    "perm_p": 0.1377245508982036,
    "n_perm": 500
  },
  "metric_contrasts": {
    "theta_mean_connectivity": {
      "expert_mean": 0.29338680569679615,
      "novice_mean": 0.3143378016802841,
      "p": 0.3708443333042212
    },
    "theta_density_weight": {
      "expert_mean": 0.06637676544919809,
      "novice_mean": 0.07650774508140823,
      "p": 0.47048642205878966
    },
    "theta_global_efficiency": {
      "expert_mean": 0.5633143187830671,
      "novice_mean": 0.5392140652557307,
      "p": 0.23658409332187613
    },
    "theta_mean_clustering": {
      "expert_mean": 0.3252379552284589,
      "novice_mean": 0.3460817217067502,
      "p": 0.7508318840891169
    },
    "theta_char_path_length": {
      "expert_mean": 1.9611327955590252,
      "novice_mean": 1.899046397480044,
      "p": 0.07825222852623705
    },
    "theta_modularity": {
      "expert_mean": 0.19630736802352908,
      "novice_mean": 0.16806693799809944,
      "p": 0.053097957285583426
    },
    "theta_frontal_strength": {
      "expert_mean": 0.2969333119948192,
      "novice_mean": 0.29808759152815084,
      "p": 0.5443701458566098
    },
    "alpha_mean_connectivity": {
      "expert_mean": 0.43410479926786444,
      "novice_mean": 0.3851030141904627,
      "p": 0.1748533068932927
    },
    "alpha_density_weight": {
      "expert_mean": 0.1133287505542639,
      "novice_mean": 0.10039207321802911,
      "p": 0.40250382378200356
    },
    "alpha_global_efficiency": {
      "expert_mean": 0.4859974371693098,
      "novice_mean": 0.4824452987213381,
      "p": 0.5833604667027033
    },
    "alpha_mean_clustering": {
      "expert_mean": 0.3481411260597111,
      "novice_mean": 0.32378965086402445,
      "p": 0.5067205148778584
    },
    "alpha_char_path_length": {
      "expert_mean": 1.8561563104726917,
      "novice_mean": 1.8702969329044248,
      "p": 0.5443701458566098
    },
    "alpha_modularity": {
      "expert_mean": 0.15893413131866663,
      "novice_mean": 0.1499185697836942,
      "p": 0.43573066003173655
    },
    "alpha_frontal_strength": {
      "expert_mean": 0.3889338260230067,
      "novice_mean": 0.35705044566130434,
      "p": 0.2602362026171888
    },
    "beta_mean_connectivity": {
      "expert_mean": 0.16810388701200996,
      "novice_mean": 0.18328355103428948,
      "p": 0.08853377201422956
    },
    "beta_density_weight": {
      "expert_mean": 0.04098624206712306,
      "novice_mean": 0.04667172765336223,
      "p": 0.3123214216762161
    },
    "beta_global_efficiency": {
      "expert_mean": 0.5381579802059677,
      "novice_mean": 0.5228684413580219,
      "p": 0.8852339144732017
    },
    "beta_mean_clustering": {
      "expert_mean": 0.37922304776441634,
      "novice_mean": 0.40124332907800303,
      "p": 0.5443701458566098
    },
    "beta_char_path_length": {
      "expert_mean": 2.0129017299618988,
      "novice_mean": 1.901957600629362,
      "p": 0.0024367348089890145
    },
    "beta_modularity": {
      "expert_mean": 0.19323616096809082,
      "novice_mean": 0.20215140991775907,
      "p": 0.7074539677020747
    },
    "beta_frontal_strength": {
      "expert_mean": 0.161321188866018,
      "novice_mean": 0.17658632198793597,
      "p": 0.12602212177037309
    }
  },
  "note": "Expertise is age-confounded in ds001787 (experts skew younger); network contrasts are reported as associations, not causal expertise effects."
}