{
  "wesad": {
    "stress_vs_rest::RandomForest": {
      "acc": 0.9324618736383442,
      "bal_acc": 0.8926664434229352,
      "f1": 0.8442211055276382,
      "auroc": 0.9734055831227739
    },
    "stress_vs_rest::LightGBM": {
      "acc": 0.9368191721132898,
      "bal_acc": 0.8931474321897166,
      "f1": 0.8517887563884157,
      "auroc": 0.9471977837985935
    },
    "calm_vs_stress::RandomForest": {
      "acc": 0.9415156507413509,
      "bal_acc": 0.9199189079508276,
      "f1": 0.9609675645959318,
      "auroc": 0.9797305790288348
    },
    "calm_vs_stress::permutation": {
      "observed_auroc": 0.9810162722796634,
      "perm_mean": 0.4971659681545513,
      "perm_p": 0.006622516556291391,
      "n_perm": 150
    },
    "relaxation_score_by_condition": {
      "meditation": 93.97,
      "baseline": 92.24,
      "stress": 19.81
    },
    "top_features": {
      "hrv_meanNN": 0.1573,
      "hrv_meanHR": 0.1506,
      "resp_rate_std": 0.1397,
      "eda_std": 0.082,
      "eda_slope": 0.0643,
      "resp_rate": 0.0492,
      "resp_sig_std": 0.0412,
      "eda_max": 0.0354,
      "eda_range": 0.0352,
      "eda_min": 0.0249,
      "eda_mean": 0.0244,
      "emg_p90": 0.0213
    }
  },
  "custom": {
    "LORO(recording)::LogReg": {
      "window": {
        "acc": 0.8369426751592357,
        "bal_acc": 0.815821646889608,
        "f1": 0.8766859344894027,
        "auroc": 0.9079827400215751
      },
      "recording": {
        "acc": 0.8421052631578947,
        "auroc": 0.9333333333333333,
        "n": 19
      }
    },
    "LORO(recording)::RandomForest": {
      "window": {
        "acc": 0.8738853503184714,
        "bal_acc": 0.8765731751168644,
        "f1": 0.9003021148036254,
        "auroc": 0.8825746134483999
      },
      "recording": {
        "acc": 0.8947368421052632,
        "auroc": 0.9,
        "n": 19
      }
    },
    "LOPO(subject)::LogReg": {
      "window": {
        "acc": 0.8140127388535032,
        "bal_acc": 0.8080366774541532,
        "f1": 0.8537074148296593,
        "auroc": 0.86789644012945
      },
      "recording": {
        "acc": 0.8421052631578947,
        "auroc": 0.9333333333333333,
        "n": 19
      }
    },
    "LOPO(subject)::RandomForest": {
      "window": {
        "acc": 0.8407643312101911,
        "bal_acc": 0.8160913340524991,
        "f1": 0.8806112702960841,
        "auroc": 0.8199784250269687
      },
      "recording": {
        "acc": 0.8421052631578947,
        "auroc": 0.8333333333333333,
        "n": 19
      }
    },
    "permutation_LORO": {
      "observed_auroc": 0.9220424307802949,
      "perm_mean": 0.49974408486156063,
      "perm_p": 0.004975124378109453,
      "n_perm": 200
    },
    "ablation": {
      "LORO": {
        "base": {
          "recording_auroc": 0.9111111111111112,
          "recording_acc": 0.8947368421052632,
          "window_auroc": 0.9028694714131608,
          "n_features": 40,
          "auroc_lift_vs_base": 0.0
        },
        "base+conn": {
          "recording_auroc": 0.9333333333333333,
          "recording_acc": 0.8947368421052632,
          "window_auroc": 0.9090614886731392,
          "n_features": 46,
          "auroc_lift_vs_base": 0.022222222222222143
        },
        "base+pac": {
          "recording_auroc": 0.9111111111111112,
          "recording_acc": 0.8947368421052632,
          "window_auroc": 0.8995037756202805,
          "n_features": 42,
          "auroc_lift_vs_base": 0.0
        },
        "base+aperiodic": {
          "recording_auroc": 0.9,
          "recording_acc": 0.8947368421052632,
          "window_auroc": 0.898626393383675,
          "n_features": 43,
          "auroc_lift_vs_base": -0.011111111111111183
        },
        "base+all": {
          "recording_auroc": 0.9333333333333333,
          "recording_acc": 0.8421052631578947,
          "window_auroc": 0.9079827400215751,
          "n_features": 51,
          "auroc_lift_vs_base": 0.022222222222222143
        }
      },
      "LOPO": {
        "base": {
          "recording_auroc": 0.9333333333333333,
          "recording_acc": 0.7894736842105263,
          "window_auroc": 0.8534843581445523,
          "n_features": 40,
          "auroc_lift_vs_base": 0.0
        },
        "base+conn": {
          "recording_auroc": 0.9333333333333333,
          "recording_acc": 0.8421052631578947,
          "window_auroc": 0.8748004314994606,
          "n_features": 46,
          "auroc_lift_vs_base": 0.0
        },
        "base+pac": {
          "recording_auroc": 0.9333333333333333,
          "recording_acc": 0.7894736842105263,
          "window_auroc": 0.8468896080546566,
          "n_features": 42,
          "auroc_lift_vs_base": 0.0
        },
        "base+aperiodic": {
          "recording_auroc": 0.9111111111111111,
          "recording_acc": 0.7894736842105263,
          "window_auroc": 0.8360949298813377,
          "n_features": 43,
          "auroc_lift_vs_base": -0.022222222222222254
        },
        "base+all": {
          "recording_auroc": 0.9333333333333333,
          "recording_acc": 0.8421052631578947,
          "window_auroc": 0.86789644012945,
          "n_features": 51,
          "auroc_lift_vs_base": 0.0
        }
      }
    }
  },
  "ds": {
    "expert_vs_novice": {
      "acc": 0.5534635380075875,
      "bal_acc": 0.5540176268427898,
      "f1": 0.5796296296296296,
      "auroc": 0.517115156374338
    },
    "feature_contrasts": {
      "mean_alpha_rel": {
        "expert": 0.4842,
        "novice": 0.3533
      },
      "mean_theta_rel": {
        "expert": 0.0979,
        "novice": 0.1116
      },
      "mean_alpha_theta": {
        "expert": 7.4136,
        "novice": 5.3834
      },
      "alpha_asym": {
        "expert": 0.0932,
        "novice": 0.0843
      },
      "L_alpha_rel": {
        "expert": 0.4783,
        "novice": 0.3444
      },
      "R_alpha_rel": {
        "expert": 0.49,
        "novice": 0.3622
      }
    },
    "transfer_relaxation_index": {
      "expert": 46.1,
      "novice": 60.0
    }
  },
  "network": {
    "expert_vs_novice_network": {
      "acc": 0.5833333333333334,
      "bal_acc": 0.5833333333333334,
      "f1": 0.6428571428571429,
      "auroc": 0.6666666666666666
    },
    "permutation": {
      "observed_auroc": 0.6666666666666666,
      "perm_mean": 0.47334722222222225,
      "perm_p": 0.1377245508982036,
      "n_perm": 500
    },
    "metric_contrasts": {
      "theta_mean_connectivity": {
        "expert_mean": 0.29338680569679615,
        "novice_mean": 0.3143378016802841,
        "p": 0.3708443333042212
      },
      "theta_density_weight": {
        "expert_mean": 0.06637676544919809,
        "novice_mean": 0.07650774508140823,
        "p": 0.47048642205878966
      },
      "theta_global_efficiency": {
        "expert_mean": 0.5633143187830671,
        "novice_mean": 0.5392140652557307,
        "p": 0.23658409332187613
      },
      "theta_mean_clustering": {
        "expert_mean": 0.3252379552284589,
        "novice_mean": 0.3460817217067502,
        "p": 0.7508318840891169
      },
      "theta_char_path_length": {
        "expert_mean": 1.9611327955590252,
        "novice_mean": 1.899046397480044,
        "p": 0.07825222852623705
      },
      "theta_modularity": {
        "expert_mean": 0.19630736802352908,
        "novice_mean": 0.16806693799809944,
        "p": 0.053097957285583426
      },
      "theta_frontal_strength": {
        "expert_mean": 0.2969333119948192,
        "novice_mean": 0.29808759152815084,
        "p": 0.5443701458566098
      },
      "alpha_mean_connectivity": {
        "expert_mean": 0.43410479926786444,
        "novice_mean": 0.3851030141904627,
        "p": 0.1748533068932927
      },